title,rating,review,price_2,material,pattern,fit,sleeves,collar,lenght
Allen Solly Men Regular Fit T-Shirt,4,86,? 959.00,"98% Cotton, 2% Spandex",Solid,Skinny Fit,Half Sleeve,Collarless,Standard Length
Veirdo® 100% Pure Cotton Oversized Loose Fit Drop Shoulder with Cool & Cozy Front Chest Graphic/Typographic Printed Round Neck Half Sleeve T-Shirt for Boys,5.00,2,? 329.00,Cotton,Printed,Oversized Fit,Half Sleeve,Round Neck,Standard Length
"LEOTUDE Half Sleeve Oversized Tshirt for Men, Round Neck Cottonblend Drop Shoulder Solid T-Shirt (Maroon color)",5.00,1,? 284.00,Cotton blend,Solid,Oversized Fit,Half Sleeve,Collarless,Standard Length
LEOTUDE Cottonblend Oversized Half Sleeve Colorful Printed Combo T-Shirts for Mens (Pack of 2),4,65,? 498.00,Cotton blend,Printed,Oversized Fit,Half Sleeve,Round Collar,Standard Length
LEOTUDE Regular Fit Half Sleeve Matty Polo Neck Men's Tshirt (Mustard Color),3.60,2136,? 261.00,Cotton Blend,Color Block,Regular Fit,Half Sleeve,Classic Collar,Standard Length
London Hills Men Oversized Fit T-Shirt,3.70,10,? 399.00,Cotton Blend,Graphic,Oversized Fit,Half Sleeve,Collarless,Standard Length
Amazon Brand - Symbol Men's Regular Fit T-Shirt,3.70,188,? 367.00,100% Cotton,Solid,Regular Fit,Long Sleeve,Collarless,Standard Length
Amazon Brand - Symbol Men Disney Regular Fit T-Shirt,3.30,3,? 499.00,100% Cotton,Regular Fit,Regular Fit,Short Sleeve,Crew Neck,Standard Length
BULLMER Trendy All Over Graphic Printed Half Sleeve Polo T-shirt for Mens,4.40,4,? 367.00,Cottonblend,All Over Print,Regular Fit,Half Sleeve,Turtle Neck,Standard Length
Veirdo Black and White Oversized Cotton Animal Print Crew Neck T-Shirt for Men,4.10,26,? 349.00,Cotton,Self-Design,Loose Fit,Half Sleeve,Collarless,Standard Length
"Van Heusen Athleisure Men T-Shirt - Cotton Rich - Smart Tech, Easy Stain Release, Anti Stat, Ultra Soft, Moisture Wicking",4.30,76,? 559.00,Cotton,Solid,Regular Fit,Half Sleeve,Collarless,Standard Length
U.S. Polo Assn. Men's Slim Fit T-Shirt,5.00,1,"? 2,490.00",Cotton,Slim Fit,Regular Fit,Short Sleeve,Collared Neck,Standard Length
Allen Solly Men’s Solid Polo,4,86,? 699.00,"75% Cotton, 15% Nylon, 10% Wool",Classic Fit,Regular Fit,Long Sleeve,Collared Neck,Standard Length
"ADRO Men's Graphic Printed 100% Cotton T-Shirt - Regular Fit, Printed T-shirts for men",4.50,2,? 399.00,100% Cotton,Solid,Regular Fit,Half Sleeve,Collarless,Standard Length
Allen Solly Men's Regular Fit T-Shirt,4.00,1,"? 1,199.00","50% Cotton, 50% Polyester",Solid,Regular Fit,Half Sleeve,Polo Collar,Standard Length
London Hills Men's Half Sleeve 100% Pure Cotton Casual Round Neck Printed Regular Fit Non-Shrinkable Black T-Shirt,3.60,124,? 348.00,Pure Cotton,Printed,Regular Fit,Half Sleeve,Collarless,Standard Length
LEOTUDE Men's Regular Fit Half Sleeve Matty Combo Polo T-Shirt (Pack of 2),3.30,281,? 459.00,Matty,Colorblock,Regular Fit,Half Sleeve,Polo Collar,Standard Length
LEOTUDE Men's Half Sleeve Regular Fit Colorblock Matty Polo T-Shirt (Color Olive Green),4,86,? 298.00,Matty,Colorblock,Regular Fit,Half Sleeve,Classic Collar,Standard Length
Amazon Brand - Symbol Men's solid Regular T-Shirt (SS19MNTEE04-2_Multicolor2 L),3.60,23,? 603.00,100% Cotton,Solid,Regular Fit,Long Sleeve,Round neck,Standard Length
Veirdo® Original Disney Pure Cotton Oversize Loose Baggy Fit Drop Shoulder Round Neck Half Sleeves Red Pixar Cars Printed T-Shirt for Men & Boys (OS_DPX3055_R),4.10,75,? 399.00,100% Cotton,Printed,Loose Fit,Half Sleeve,Round Collar,Standard Length
BULLMER Beige Trendy Printed Half Sleeve Polo T-shirt for Mens,3.60,9,? 359.00,Cottonblend,All Over Print,Regular Fit,Half Sleeve,Turtle Neck,Standard Length
Allen Solly Men's Regular Fit T Shirt,4.10,18,? 689.00,Cotton,Graphic,"Regular Fit, Snug Fit",Half Sleeve,Collarless,Standard Length
LEOTUDE Men's Oversized Tshirt Drop Shoulder Colorful Printed Combos (Pack of 3),3.60,49,? 649.00,Cottonblend,Back Printed,Oversized Fit,Half Sleeve,Collarless,Standard Length
U.S. POLO ASSN. Men's Regular Fit T-Shirt,4.30,5,? 779.00,100% Cotton,Solid,Regular Fit,Half Sleeve,Collarless,Standard Length
Allen Solly Men's Regular Fit T-Shirt,5.00,1,"? 1,079.00",100% Cotton,Solid,Slim Fit,Half Sleeve,Collarless,Standard Length
Allen Solly Men's Regular Fit T-Shirt,4,86,? 839.00,"98% Cotton, 2% Spandex",Solid,Slim Fit,Half Sleeve,Collarless,Standard Length
U.S. POLO ASSN. Men's Slim Fit T-Shirt,4.20,20,? 629.00,100% Cotton,Solid,Slim Fit,Half Sleeve,Collarless,Standard Length
U.S. Polo Assn. - Men Cotton All Over Print Slim Fit Polo Shirt,5.00,1,"? 1,223.00",100% Cotton,Printed,Slim Fit,Half Sleeve,Polo Collar,Standard Length
U.S. POLO ASSN. Men Crew Neck Brand Print Le001 Lounge Regular Fit T-Shirt - Pack of 1,3.80,79,? 699.00,100% Cotton,Solid,Regular Fit,Half Sleeve,Club Collar,Standard Length
LEOTUDE Oversized Cottonblend Half Sleeve Printed Mens T-Shirts,3.70,229,? 261.00,Cotton blend,Printed,Oversized Fit,Half Sleeve,Round Collar,Standard Length
ADRO Men's God Cotton Printed Cotton T-Shirt (R21-M-GOD-SB_Teal_3XL),4,86,? 499.00,100% Cotton,Printed,Regular Fit,Half Sleeve,Round Collar,Standard Length
AMERICAN CREW Polo Collar Half Sleeves T-Shirt with Pocket for Men,3.90,59,? 471.00,"60% Cotton, 40% Polyester",Solid,Regular Fit,Half Sleeve,Button Down,Standard Length
Van Heusen Men's T-Shirt,4,86,"? 1,649.00","80% Cotton, 20% Polyester, Interlock",Solid,Regular Fit,Long Sleeve,Collared Neck,Standard Length
U.S. POLO ASSN. Men's Slim Fit T-Shirt,4.10,42,? 949.00,100% Cotton,Solid,Slim Fit,Half Sleeve,Polo Collar,Standard Length
Allen Solly Men's Regular Fit T-Shirt,5.00,1,"? 1,079.00",100% Cotton,Printed,Regular Fit,Half Sleeve,Polo Collar,Standard Length
U.S. POLO ASSN. Men's Regular Fit T-Shirt,4.30,5,? 779.00,100% Cotton,Solid,Regular Fit,Half Sleeve,Collarless,Standard Length
Allen Solly Men's Regular Fit T-Shirt,5.00,1,"? 1,079.00",100% Cotton,Solid,Slim Fit,Half Sleeve,Collarless,Standard Length
Allen Solly Men's Regular Fit T-Shirt,4,86,? 839.00,"98% Cotton, 2% Spandex",Printed,Slim Fit,Half Sleeve,Collarless,Standard Length
U.S. POLO ASSN. Men's Slim Fit T-Shirt,4.20,20,? 629.00,100% Cotton,Solid,Slim Fit,Half Sleeve,Collarless,Standard Length
U.S. Polo Assn. - Men Cotton All Over Print Slim Fit Polo Shirt,5.00,1,"? 1,223.00",100% Cotton,Printed,Slim Fit,Half Sleeve,Polo Collar,Standard Length
U.S. POLO ASSN. Men Crew Neck Brand Print Le001 Lounge Regular Fit T-Shirt - Pack of 1,3.80,79,? 699.00,100% Cotton,Solid,Regular Fit,Half Sleeve,Club Collar,Standard Length
LEOTUDE Oversized Cottonblend Half Sleeve Printed Mens T-Shirts,3.70,229,? 261.00,Cotton blend,Printed,Oversized Fit,Half Sleeve,Round Collar,Standard Length
ADRO Men's God Cotton Printed Cotton T-Shirt (R21-M-GOD-SB_Teal_3XL),4,86,? 499.00,100% Cotton,Printed,Regular Fit,Half Sleeve,Round Collar,Standard Length
AMERICAN CREW Polo Collar Half Sleeves T-Shirt with Pocket for Men,3.90,59,? 471.00,"60% Cotton, 40% Polyester",Solid,Regular Fit,Half Sleeve,Button Down,Standard Length
Van Heusen Men's T-Shirt,4,86,"? 1,649.00","80% Cotton, 20% Polyester, Interlock",Printed,Regular Fit,Long Sleeve,Collared Neck,Standard Length
U.S. POLO ASSN. Men's Slim Fit T-Shirt,4.10,42,? 949.00,100% Cotton,Solid,Slim Fit,Half Sleeve,Polo Collar,Standard Length
Allen Solly Men's Regular Fit T-Shirt,5.00,1,"? 1,079.00",100% Cotton,Solid,Regular Fit,Half Sleeve,Collared Neck,Standard Length
BULLMER Trendy Striped Half Sleeve Polo T-shirt for Mens,4,86,? 367.00,Cottonblend,Striped,Regular Fit,Half Sleeve,Turtle Neck,Standard Length
Van Heusen Men's Regular Fit T-Shirt,4.20,457,? 674.00,Cotton Rich,Solid,Regular Fit,Half Sleeve,Collarless,Standard Length
BULLMER Mens Cotton Henley Neck/Chinese Collar Tshirt,4.00,1937,? 329.00,Cottonblend,Color Block,Regular Fit,Half Sleeve,Button Down,Standard Length
LEOTUDE Cottonblend Oversized Half Sleeve Colorful Printed Combo T-Shirts for Mens (Pack of 2),4,86,? 498.00,Cotton blend,Printed,Oversized Fit,Half Sleeve,Round Collar,Standard Length
LEOTUDE Men's Regular Fit Half Sleeve Matty Combo Polo T-Shirt (Pack of 3),3.60,2112,? 749.00,Matty,Printed,Regular Fit,Half Sleeve,Classic Collar,Standard Length
U.S. POLO ASSN. Mens Half Sleeve Round Neck Slim Fit T Shirts (Ustshs1373_Grey_XL),4.00,18,? 539.00,Cotton,Printed,Slim Fit,Half Sleeve,Collarless,Standard Length
LEOTUDE Cottonblend Oversized Half Sleeve Colorful Printed Combo T-Shirts for Mens (Pack of 2),4,86,? 498.00,Cotton blend,Printed,Oversized Fit,Half Sleeve,Round Collar,Standard Length
LEOTUDE Men's Oversized Half Sleeve Drop Shoulder Printed Combo Regular Fit T-shirt (Pack Of 2),3.70,173,? 459.00,Cottonblend,Printed,Oversized Fit,Half Sleeve,Collarless,Standard Length
ADRO Men's Regular Fit T-Shirt,4.10,32,? 469.00,100% Cotton,Printed,Regular Fit,Half Sleeve,Round Collar,Standard Length
"Van Heusen Men Regular Fit T-Shirt - Cotton Rich - Moisture Wicking, Crew Neck, Short Sleeve",3.70,370,? 949.00,100% Cotton,Printed,Regular Fit,Half Sleeve,Collarless,Standard Length
"LEOTUDE Half Sleeve Oversized Tshirt for Men, Round Neck Drop Shoulder, Colorful Printed T-Shirt (Color Neon Green)",3.70,179,? 298.00,Cottonblend,Printed,Oversized Fit,Half Sleeve,Club Collar,Standard Length
U.S. POLO ASSN. Mens Solid Polyester Crew Neck T-Shirt,4.10,102,? 512.00,Polyester,Solid,Regular Fit,Short Sleeve,Collarless,Standard Length
BULLMER Trendy Printed Half Sleeve Polo T-shirt for Men,3.40,13,? 358.00,Cottonblend,Striped,Regular Fit,Half Sleeve,Club Collar,Standard Length
BULLMER Beige Trendy Printed Half Sleeve Polo T-shirt for Mens,3.70,8,? 359.00,Cottonblend,All Over Print,Regular Fit,Half Sleeve,Turtle Neck,Standard Length
Allen Solly Men's Slim Fit T-Shirt,3.70,61,? 629.00,100% Cotton,Solid,Slim Fit,Half Sleeve,Band Collar,Standard Length
LEOTUDE Regular Fit Cottonblend Full Sleeve Printed Men's T-Shirt (Color Maroon),3.60,3410,? 259.00,Cotton Blend,Solid,Regular Fit,Long Sleeve,Classic Collar,Standard Length
Veirdo® Oversized Baggy Fit Pure Cotton Drop Shoulder Half Sleeve Latest & Aesthetic Black & Lilac Back Doodle & Tiger Graphic Printed Round Neck T-Shirt for Men,4.10,1756,? 349.00,Pure Cotton,Printed,Loose Fit,Half Sleeve,Collarless,Standard Length
ADRO Men's Regular Fit T-Shirt,3.90,399,? 699.00,100% Cotton,Printed,Regular Fit,Half Sleeve,Spread Collar,Standard Length
LEOTUDE Cottonblend Oversized Half Sleeve Colorful Printed Combo T-Shirts for Mens (Pack of 2),4,86,? 498.00,Cotton blend,Printed,Oversized Fit,Half Sleeve,Round Collar,Standard Length
Allen Solly Men T-Shirt,4.20,204,? 529.00,100% Cotton1,Graphic,Regular Fit,Half Sleeve,Club Collar,Standard Length
BULLMER Mens Regular Fit Printed Round Neck Cotton Tshirt Pack of 3,3.70,2926,? 406.00,Cotton Blend,Animal Print,Slim Fit,Half Sleeve,Club Collar,Standard Length
ADRO T-shirts for Men?Chest Printed T-shirt for Men?Cotton Tshirt for Men,4,86,? 499.00,100% Cotton,Graphic,Regular Fit,Half Sleeve,Collarless,Standard Length
"ADRO Men's Graphic Printed 100% Cotton T-Shirt - Regular Fit, Printed T-shirts for men",4,86,? 399.00,100% Cotton,Solid,Regular Fit,Half Sleeve,Collarless,Standard Length
LEOTUDE Regular Fit Matty Half Sleeve Polo T-Shirt for Men (Color Multicolor),3.70,865,? 298.00,Matty,Color Block,Regular Fit,Half Sleeve,Classic Collar,Standard Length
U.S. Polo Assn Men's T-Shirt,2.20,3,? 599.00,Cotton,Printed,Slim Fit,Half Sleeve,Polo Collar,Standard Length
US Polo Association Men's Regular T-Shirt,5.00,2,"? 1,294.00",100% Cotton,Printed,Regular Fit,Half Sleeve,Button Down,Standard Length
AMERICAN CREW Polo Collar Half Sleeves T-Shirt with Pocket for Men,3.90,59,? 471.00,"60% Cotton, 40% Polyester",Solid,Regular Fit,Half Sleeve,Button Down,Standard Length
U.S. POLO ASSN. Men's Slim Fit T-Shirt,3.10,5,? 899.00,Cotton,Solid,Slim Fit,Half Sleeve,Polo Collar,Standard Length
LEOTUDE Regular Fit Half Sleeve Matty Polo Neck Men's Tshirt (Mustard Color),3.60,2136,? 298.00,Cotton Blend,Color Block,Regular Fit,Half Sleeve,Classic Collar,Standard Length
Veirdo® Disney Mickey Forever - Official Disney Printed Half Sleeves Regular Fit T-Shirt for Men Navy,4,86,? 449.00,Cotton,Printed,Regular Fit,Half Sleeve,Round Collar,Standard Length
U.S. POLO ASSN. Men's Slim Fit T-Shirt,3.60,20,? 599.00,Cotton,Printed,Slim Fit,Half Sleeve,Polo Collar,Standard Length
U.S. POLO ASSN. Men's Regular Fit T-Shirt,4.00,2,? 995.00,Cotton,Graphic,Regular Fit,Short Sleeve,Polo Collar,Standard Length
U.S. Polo Assn. Men's Regular Fit T-Shirt,5.00,1,"? 1,759.00",Cotton,Solid,Slim Fit,Short Sleeve,Polo Collar,Standard Length
LEOTUDE Regular Fit Half Sleeve Matty Polo Men's T-Shirt (Multicolor),3.70,657,? 261.00,Matty,Solid,Regular Fit,Half Sleeve,Classic Collar,Standard Length
Van Heusen Men's T Shirt,4.00,315,? 859.00,Knit,Solid,Regular Fit,Half Sleeve,Spread Collar,Standard Length
U.S. POLO ASSN. Men's Regular Fit Polo Shirt,4.00,4498,"? 1,499.00",100% Cotton,Solid,Regular Fit,Short Sleeve,Classic Collar,Standard Length
Van Heusen Men's Regular Fit T-Shirt,4.80,7,? 569.00,Solid,Printed,Regular Fit,Half Sleeve,Club Collar,Standard Length
U.S. POLO ASSN. Men's Regular fit T-Shirt,3.90,70,? 719.00,100% Cotton,Printed,Regular Fit,Half Sleeve,Polo Collar,Standard Length
U.S. Polo Assn. Men's Regular Fit T-Shirt,3.10,10,? 819.00,100% Cotton,Striped,Regular Fit,Short Sleeve,Polo Collar,Standard Length
AMERICAN CREW Printed V Neck T-Shirt for Men,1.00,1,? 699.00,88% Cotton + 12% Polyester,Printed,Regular Fit,Half Sleeve,V-Neck,Standard Length
U.S. POLO ASSN. Men's Slim Fit T-Shirt,4,86,? 459.00,Cotton,Solid,Slim Fit,Half Sleeve,Polo Collar,Standard Length
London Hills Color Block Men Round Neck Maroon Half Sleeve T-Shirt,4,86,? 249.00,Polyester,Color Block,Slim Fit,Half Sleeve,Round Collar,Standard Length
London Hills Solid Men Round Neck Sports Slim Fit T-Shirt,4,86,? 249.00,Polyester,Solid,Slim Fit,Half Sleeve,Round Collar,Standard Length
London Hills Men's Half Sleeve 100% Pure Cotton Casual Round Neck Printed Regular Fit Tshirts (Pack of 2),3.70,164,? 699.00,Cotton,Block print,Regular Fit,Half Sleeve,Collarless,Standard Length
"ADRO Men's Graphic Printed 100% Cotton T-Shirt - Regular Fit, Printed T-shirts for men",4,86,? 399.00,100% Cotton,Solid,Regular Fit,Half Sleeve,Collarless,Standard Length
"London Hills Color Block Men Round Neck Green, Maroon Half Sleeve Slim Fit T-Shirt (Pack of 2) Medium",4,86,? 299.00,Polyester,Color Block,Slim Fit,Half Sleeve,Round Collar,Standard Length
Van Heusen Men's T Shirt,4.00,315,? 859.00,Knit,Solid,Regular Fit,Half Sleeve,Spread Collar,Standard Length
"LEOTUDE Men's Short Sleeve with Round Neck, Oversized Longline Drop Shoulder Combo T-Shirt | Multicolor Color",3.50,150,? 498.00,Cotton blend,Solid,Oversized Fit,Half Sleeve,Round Collar,Standard Length
U.S. Polo Assn. Men's Regular Fit T-Shirt,5.00,1,"? 1,759.00",Cotton,Solid,Slim Fit,Short Sleeve,Polo Collar,Standard Length
LEOTUDE Men's Cottonblend Half Sleeve Oversized T-Shirts (Color: Navy),3.30,54,? 298.00,Cottonblend,Solid,Oversized Fit,Half Sleeve,Round Collar,Standard Length
ADRO Men Color Blocked Cotton Regular Fit T-Shirts,3.90,32,? 309.00,100% Cotton,Color Block,Regular Fit,Half Sleeve,Round Collar,Standard Length
Amazon Brand - Symbol Men's Cotton T Shirt | Round Neck | Half Sleeve | Plain | Combo Pack of 2-Regular Fit (Available in Plus Size),4.00,10505,? 529.00,100% Cotton,Solid,Regular Fit,Half Sleeve,Collarless,Standard Length
LEOTUDE Regular Fit Half Sleeve printed Men's T-Shirt,3.60,83,? 284.00,100% Cotton,Printed,Regular Fit,Half Sleeve,Classic Collar,Standard Length
U.S. POLO ASSN. Men's Slim Fit T-Shirt,3.10,8,? 824.00,Cotton,Printed,Slim Fit,Half Sleeve,Polo Collar,Standard Length
Veirdo® Men's Oversized Printed T-Shirt (Pack of 2) Multicolour,3.90,111,? 599.00,Cotton,Abstract Print,Loose Fit,Half Sleeve,Collarless,Standard Length
BULLMER Men T-Shirt,3.50,788,? 431.00,Cotton Blend,Graphic,Regular Fit,Half Sleeve,Round Collar,Standard Length
U.S. POLO ASSN. Men Crew Neck Embroidered Logo I633 Lounge Regular Fit T-Shirt - Pack of 2,3.90,293,? 870.00,Pure Cotton,Solid,Regular Fit,Half Sleeve,Collarless,Standard Length
"Van Heusen Athleisure Men T-Shirt - Cotton Rich - Smart Tech, Easy Stain Release, Anti Stat, Ultra Soft, Quick Dry",4.10,574,? 499.00,Cotton Rich Single Jersey,Solid,Regular Fit,Half Sleeve,Round Neck,Standard Length
U.S. Polo Assn Men's T-Shirt,2.20,3,? 599.00,Cotton,Printed,Slim Fit,Half Sleeve,Polo Collar,Standard Length
LEOTUDE Women's Round Neck Half Sleeve Cottonblend Boyfriend/Loose Fit T-Shirts (Red Color),3.60,664,? 284.00,Cottonblend,Printed,Regular Fit,Half Sleeve,Round Collar,Standard Length
LEOTUDE Oversized Cottonblend Half Sleeve Printed Mens T-Shirts,3.70,229,? 298.00,Cotton blend,Printed,Oversized Fit,Half Sleeve,Round Collar,Standard Length
U.S. POLO ASSN. Men's Regular Fit T-Shirt,3.00,3,? 695.00,Cotton,Printed,Regular Fit,Short Sleeve,Polo Collar,Standard Length
Amazon Brand - Symbol Men Disney Regular Fit T-Shirt,3.30,3,? 449.00,100% Cotton,Printed,Regular Fit,Short Sleeve,Club Collar,Standard Length
Van Heusen Men's Regular Fit T-Shirt,4.20,457,? 674.00,"80% Cotton, 20% Polyester",Solid,Regular Fit,Half Sleeve,Collarless,Standard Length
BULLMER Men's Half Sleeve Round Neck Blended Cotton Tshirt,3.50,1418,? 699.00,Cotton Blend,Printed,Regular Fit,Half Sleeve,Round Collar,Standard Length
Allen Solly Men's Regular Fit T-shirt,4.10,94,? 492.00,"95% Cotton, 5% Spandex",Solid,Regular Fit,Half Sleeve,Collarless,Standard Length
U.S. POLO ASSN. Men's Slim Fit T-Shirt,3.90,7,? 532.00,Cotton,Printed,Slim Fit,Half Sleeve,Polo Collar,Standard Length
U.S. POLO ASSN. Men's Regular fit T-Shirt,3.90,70,? 719.00,100% Cotton,Printed,Regular Fit,Half Sleeve,Polo Collar,Standard Length
Amazon Brand - Symbol Men's Regular Fit T-Shirt (Pack of 2),3.90,1130,? 449.00,100% Cotton,Solid,Regular Fit,Long Sleeve,Round neck,Standard Length
London Hills Men Oversized Fit T-Shirt,3.70,10,? 399.00,Cotton Blend,Graphic,Oversized Fit,Half Sleeve,Collarless,Standard Length
LEOTUDE Cotton Blend Printed Half Sleeve Oversized T-Shirts for Women,3.60,581,? 259.00,Cottonblend,Printed,Oversized Fit,Half Sleeve,Club Collar,Standard Length
LEOTUDE Regular Fit Half Sleeve Polo Men's T-Shirt Combo (Pack of 2),3.30,60,? 284.00,Cotton Blend,Printed,Regular Fit,Half Sleeve,Classic Collar,Standard Length
London Hills Regular Fit Men's Round Neck T-Shirt,3.20,21,? 299.00,Cotton,Color Block,Regular Fit,Half Sleeve,Round Collar,Standard Length
London Hills Men Solid Round Neck Regular Fit T-Shirt (Pack Of 3),3.60,570,? 357.00,Polyester,Solid,Slim Fit,Half Sleeve,Round Collar,Standard Length
U.S. POLO ASSN. Men's Fitted T-Shirt,3.90,5,? 575.00,Cotton,Printed,Fitted,Half Sleeve,Polo Collar,Standard Length
Men Red Ribbed Collar Solid Polo Shirt,3.30,8,? 899.00,Cotton,Printed,Slim Fit,Half Sleeve,Dom,Standard Length
U.S. POLO ASSN. Men's Slim Fit T-Shirt,4.30,61,? 838.00,100% Cotton,Solid,Slim Fit,Half Sleeve,Polo Collar,Standard Length
U.S. Polo Assn. Men Regular Fit T-Shirt,4,86,"? 1,099.00",Cotton,Striped,Slim Fit,Short Sleeve,Polo Collar,Standard Length
Veirdo® Cotton Blue Radiance Regular Fit Half Sleeve Crew-Neck Printed T-Shirt for Men (T_99_DELICIOUS_BR_S),4,86,? 299.00,Cotton Lycra,Printed,Regular Fit,Half Sleeve,Club Collar,Standard Length
Veirdo® Cotton Blue Radiance Regular Fit Half Sleeve Crew-Neck Printed T-Shirt for Men (T_99_DELICIOUS_BR_XXL),4,86,? 299.00,Cotton Lycra,Printed,Regular Fit,Half Sleeve,Club Collar,Standard Length
Veirdo® Cotton Blue Radiance Regular Fit Half Sleeve Crew-Neck Printed T-Shirt for Men (T_99_DELICIOUS_BR_L),4,86,? 299.00,Cotton Lycra,Printed,Regular Fit,Half Sleeve,Club Collar,Standard Length
Amazon Brand - Symbol Men's solid Regular T-Shirt (SS19MNTEE04-2_Multicolor2 L),3.60,23,? 603.00,100% Cotton,Solid,Regular Fit,Long Sleeve,Round neck,Standard Length
"Van Heusen Men Regular Fit T-Shirt - Cotton Rich - Moisture Wicking, Crew Neck, Short Sleeve",3.70,370,? 949.00,Van Heusen,Other,Regular Fit,Half Sleeve,Collarless,Standard Length
BULLMER Mens Regular Fit Printed Round Neck Cotton Tshirt Pack of 3,3.70,2926,? 499.00,Cottonblend,Printed,Regular Fit,Half Sleeve,Round Collar,Standard Length
London Hills - Men's Regular Fit T-Shirt,2.90,32,? 249.00,Cotton Blend,Solid,Regular Fit,Half Sleeve,Polo Collar,Standard Length
LEOTUDE Regular Fit Half Sleeve Men's Polo T-Shirt,3.70,83,? 284.00,Cotton Blend,Striped,Regular Fit,Long Sleeve,Classic Collar,Standard Length
ADRO Men's Regular Fit T-Shirt,4.10,25,? 449.00,100% Cotton,Printed,Regular Fit,Half Sleeve,Round Collar,Standard Length
"Van Heusen Men Athleisure Regular Fit T-Shirt - Cotton Rich - Crew Neck, Long Sleeve, Printed",4.00,633,? 949.00,Cotton Rich,Print,Regular Fit,Long Sleeve,Point Collar,Standard Length
Veirdo Black and White Oversized Cotton Animal Print Crew Neck T-Shirt for Men,4.10,26,? 349.00,Cotton,Self-Design,Loose Fit,Half Sleeve,Collarless,Standard Length
US Polo Association Men's T-Shirt,4.50,2,? 575.00,Cotton,Striped,Slim Fit,Long Sleeve,Polo Collar,Standard Length
London Hills Oversized t Shirts for Men Loose fit t Shirt Drop Shoulder Tshirt Printed Cotton Blend Half Sleeve Tshirt,4,86,? 299.00,Cotton Blend,Solid,Oversized Fit,Half Sleeve,Collarless,Standard Length
Van Heusen Men's Regular Fit T-Shirt,3.90,2485,? 799.00,"80% Cotton, 20% Polyester",Solid,Regular Fit,Long Sleeve,Collarless,Standard Length
Amazon Brand - Symbol Men's T-Shirt,4.00,704,? 199.00,Solid,Solid,Regular Fit,Long Sleeve,Collarless,Standard Length
London Hills Printed Men Slim Fit Round Neck T-Shirt,3.80,22,? 249.00,Polyester,Printed,Slim Fit,Half Sleeve,Round Collar,Standard Length
London Hills Men Solid Round Neck Sports Regular Fit T-Shirt Pack Of 2,3.40,124,? 269.00,Polyester,Solid,Slim Fit,Half Sleeve,Round Collar,Standard Length
U.S. POLO ASSN. Men's Regular Fit T-Shirt,4.20,18,? 599.00,Cotton,Graphic,Regular Fit,Short Sleeve,Polo Collar,Standard Length
Veirdo® Men's Cotton Half Sleeve Regular Fit Printed T-Shirt.,3.90,81,? 299.00,Cotton,All Over Print,Regular Fit,Half Sleeve,Collarless,Standard Length
London Hills Men's Regular Fit T-Shirt,3.60,164,? 399.00,100% Cotton,Striped,Regular Fit,Long Sleeve,Collarless,Standard Length
BULLMER Mens HalfSleeve Round Neck Printed Cotton Tshirt - Combo Tshirt - Pack of 3,3.60,906,? 479.00,Cotton,Animal Print,Slim Fit,Half Sleeve,Club Collar,Standard Length
Van Heusen Men's Fashion Polo T Shirt,3.90,776,? 599.00,100% Cotton,Solid,Regular Fit,Half Sleeve,Polo Neck,Standard Length
Veirdo® Oversized Baggy Fit Pure Cotton Drop Shoulder Half Sleeve Latest & Aesthetic Black & Lilac Back Doodle & Tiger Graphic Printed Round Neck T-Shirt for Men,4.10,1756,? 349.00,Pure Cotton,Printed,Loose Fit,Half Sleeve,Collarless,Standard Length
U.S. POLO ASSN. Men's Regular Fit Polo Shirt,4.00,4498,"? 1,499.00",100% Cotton,Solid,Regular Fit,Short Sleeve,Classic Collar,Standard Length
Veirdo® Cotton Orange & Magenta Regular Fit Half Sleeve Crew-Neck Printed T-Shirt for Men,5.00,1,? 299.00,Cotton Lycra,Printed,Regular Fit,Half Sleeve,Collarless,Standard Length
Veirdo® Cotton Blue & White Regular Fit Half Sleeve Round Neck Printed T-Shirt for Men,4.00,1,? 299.00,Cotton Lycra,Printed,Regular Fit,Half Sleeve,Collarless,Standard Length
Veirdo® Pure Cotton Round Neck Regular Fit All Over Floral Print Half Sleeve Green T-Shirt for Men (Available in S to 2XL),3.90,2190,? 299.00,100% Cotton,All Over Print,Regular Fit,Half Sleeve,Collarless,Standard Length
U.S. POLO ASSN. Men's Regular Fit T-Shirt,4.00,226,? 575.00,100% Cotton,Solid,Regular Fit,Half Sleeve,Polo Collar,Standard Length
"LEOTUDE Half Sleeve Oversized Tshirt for Men, Round Neck Longline Drop Shoulder | Back Printed T-Shirt (Black Color)",4.10,32,? 261.00,Cottonblend,Back Printed,Oversized Fit,Half Sleeve,Collarless,Standard Length
Men Aqua and Navy Ribbed Collar Striped Polo Shirt,4.20,5,? 989.00,"60% Cotton, 40% Polyester",Solid,Regular Fit,Short Sleeve,Classic Collar,Standard Length
Veirdo® Men's Pure Cotton Oversize Baggy Fit Half Sleeves Cool & Stylish All Over Animal Printed White & Black T-Shirt,3.40,15,? 349.00,Cotton,Animal Print,Oversized Fit,Half Sleeve,Club Collar,Standard Length
Amazon Brand - Symbol Men's Cotton Solid V-Neck Regular Fit T-Shirt (Pack of 5) (Available in Plus Size),4.00,5393,"? 1,129.00",100% Cotton,Solid,Regular Fit,Half Sleeve,Collarless,Standard Length
AMERICAN CREW Polo T-Shirt for Men (AC569-XL_Black & Charcoal Melange),3.90,160,? 599.00,"60% Cotton, 40% Polyester",Striped,Regular Fit,Half Sleeve,Button Down,Standard Length
Allen Solly Men's Regular Fit T-Shirt,4.10,248,? 489.00,Graphic,Solid,Regular Fit,Short Sleeve,Cutaway,Standard Length
Amazon Brand - Symbol Men T-Shirt,3.70,1125,? 383.00,100% Cotton,Solid,Regular Fit,Long Sleeve,Hooded Neck,Standard Length
Veirdo Men's Cotton Round Neck T-Shirt,4.00,550,? 359.00,Cotton,Graphic,Oversized Fit,Half Sleeve,Collarless,Standard Length
"Van Heusen Men Performance Regular Fit T-Shirt - 100% Polyester - Swift Dry, Anti Microbial, Crew Neck",4.20,270,? 999.00,100% Polyester,Solid,Regular Fit,Short Sleeve,Crew Neck,Standard Length
Allen Solly Men's Regular Fit T-Shirt,4.00,350,? 539.00,100% Cotton,Graphic,Regular Fit,Half Sleeve,"Cutaway, Band Collar",Standard Length
U.S. Polo Assn. Men Slim Fit Jeans,4,86,"? 3,683.00",Cotton Blend,Modern,Regular Fit,Half Sleeve,Polo Collar,Standard Length
ADRO Men's Regular Fit T-Shirt,3.90,30,? 499.00,100% Cotton,Printed,Regular Fit,Long Sleeve,Round Collar,Standard Length
"Veirdo® Regular Fit Half Sleeves Round Neck Solid Pure Cotton T-Shirt for Men (Available in White, Black, Swan White, Mustard, Maroon, Green, Lilac, Navy, Red Color)",4.10,89,? 279.00,Cotton,Solid,Regular Fit,Half Sleeve,Collarless,Standard Length
LEOTUDE Men's Oversized Cottonblend Round Neck Half Sleeve Drop Shoulder Regular Fit T-shirt,3.70,1175,? 261.00,Cotton blend,Oversized Fit,Regular Fit,Half Sleeve,Round Collar,Standard Length
U.S. POLO ASSN. Men's T-Shirt,3.70,6,"? 1,194.00",Cotton,Solid,Slim Fit,Half Sleeve,Polo Collar,Standard Length
U.S. POLO ASSN. Mens Half Sleeve Round Neck Slim Fit T Shirts (Ustshs1368_Blue_Medium),3.70,10,? 540.00,Cotton,Printed,Slim Fit,Half Sleeve,Collarless,Standard Length
LEOTUDE Mens Full Sleeve Cottonblend Half Sleeve Round Neck Combo Tshirt (Pack of 2),3.60,1518,? 449.00,Cottonblend,Printed,Regular Fit,Long Sleeve,Classic Collar,Standard Length
LEOTUDE Men's Regular Fit Matty Polo T-Shirt Combo (Pack of 2),3.60,1706,? 459.00,Matty,Color block,Regular Fit,Half Sleeve,Classic Collar,Standard Length
ADRO Men's T-Shirt,3.90,169,? 457.00,Cotton,Printed,Regular Fit,Half Sleeve,Round Collar,Standard Length
U.S. POLO ASSN. Men's Regular Fit T-Shirt,3.70,73,"? 1,499.00",100% Cotton,Printed,Regular Fit,Half Sleeve,Polo Collar,Standard Length
"LEOTUDE Half Sleeve Oversized Printed T-Shirt for Men, Round Neck Longline Drop Shoulder | Printed T-Shirt (Beige Color)",3.60,392,? 261.00,Cottonblend,Printed,Oversized Fit,Half Sleeve,Collarless,Standard Length
ADRO Men's T-Shirt,3.70,37,? 449.00,100% Cotton,Printed,Regular Fit,Half Sleeve,Round Collar,Standard Length
Amazon Brand - Symbol Men Marvel Regular Fit T-Shirt,3.90,18,? 449.00,100% Cotton,Printed,Regular Fit,Short Sleeve,Round Collar,Standard Length
Amazon Brand - Symbol Men's Regular Fit T-Shirt (Pack of 2),3.90,1130,? 449.00,100% Cotton,Solid,Regular Fit,Long Sleeve,Round Collar,Standard Length
London Hills Men's Regular Fit T-Shirt,3.70,99,? 399.00,Cotton,Solid,Regular Fit,Half Sleeve,Round Collar,Standard Length
"LEOTUDE Men's Short Sleeve With Round Neck, Oversized Longline Drop Shoulder, Very Trendy Printed, Boho Style Regular Fit T-Shirt",3.70,358,? 261.00,Cotton blend,Printed,Oversized Fit,Half Sleeve,Round Collar,Standard Length
"ADRO Men's Graphic Printed 100% Cotton T-Shirt - Regular Fit, Printed T-shirts for men",5.00,3,? 389.00,100% Cotton,Solid,Regular Fit,Half Sleeve,Collarless,Standard Length
London Hills Men Regular Fit T-Shirt || Regular Fit T-Shirt || Plain T Shirt || Regular Fit T-Shirt (Rib),3.60,703,? 396.00,100% Cotton,Logo,Regular Fit,Half Sleeve,Collarless,Standard Length
ADRO Men's T-Shirt,4.10,365,? 469.00,Cotton,Printed,Regular Fit,Half Sleeve,Round Collar,Standard Length
"Van Heusen Athleisure Men T-Shirt - 100% Combed Cotton - Antiviral, Crew Neck, Short Sleeve",4.10,554,? 699.00,100% Cotton,Solid,Regular Fit,Half Sleeve,Round Collar,Standard Length
"Van Heusen Men Regular Fit Athleisure Moisture Wicking T-Shirt - Crew Neck, Zipper Pocket",3.90,790,? 549.00,Cotton Rich,Printed,Regular Fit,Half Sleeve,Club Collar,Standard Length
Allen Solly Men's Regular Fit T-Shirt,3.50,72,? 583.00,100% Cotton,Solid,Regular Fit,Half Sleeve,Band Collar,Standard Length
"Veirdo® Regular Fit Half Sleeves Round Neck Solid Pure Cotton T-Shirt Combo for Men (Pack of 2, Available in S,M,L,XL & 2XL)",3.90,34,? 399.00,Cotton,Solid,Regular Fit,Half Sleeve,Collarless,Standard Length
"Veirdo® Original Marvel Avengers Typography All Over Printed Oversized T Shirts for Men, Half Sleeves Baggy T Shirts for Men, Drop Shoulder",4.10,489,? 399.00,100% Cotton,All Over Print,Loose Fit,Half Sleeve,Round Collar,Standard Length
Amazon Brand - Symbol Men's Cotton Solid Oversized Round Neck T-Shirt,3.90,69,? 499.00,100% Cotton,Solid,Oversized Fit,Short Sleeve,Round collar,Standard Length
LEOTUDE Men's Regular Fit Half Sleeve Matty Combo Polo T-Shirt (Pack of 3),3.60,2112,? 749.00,Matty,Printed,Regular Fit,Half Sleeve,Classic Collar,Standard Length
Allen Solly Men's Slim Fit T-Shirt,4.20,296,? 619.00,100% Cotton,Solid,Slim Fit,Short Sleeve,Band Collar,Standard Length
London Hills Men Round Neck Tshirt |Cotton Blend Half Sleeve Regular Fit T-Shirts (Pack Of 3),3.70,2544,? 474.00,Cotton,Solid,Regular Fit,Half Sleeve,Round Collar,Standard Length
Veirdo® Cotton Limeade & White Regular Fit Half Sleeve Crew-Neck Printed T-Shirt for Men,4.00,8,? 299.00,Cotton Lycra,Printed,Regular Fit,Half Sleeve,Club Collar,Standard Length
Veirdo® Alien Invasion: Men's Graphic Printed T-Shirt - Cotton Lycra Regular Fit - Half Sleeve Crew-Neck Tees for Men & Boys (Blue Radiance & White),4.50,2,? 299.00,Cotton Lycra,Printed,Regular Fit,Half Sleeve,Club Collar,Standard Length
London Hills Men's Regular Fit T-Shirt,3.30,69,? 399.00,Cotton,Solid,Regular Fit,Half Sleeve,Club Collar,Standard Length
Amazon Brand - Symbol Men's Regular Fit T-Shirt (Pack of 2),3.90,453,? 369.00,100% Cotton,Solid,Regular Fit,Long Sleeve,Collarless,Standard Length
"Van Heusen Men Active Sports Swift Dry Regular Fit T-Shirt - 100% Polyester Interlock - Crew Neck, Short Sleeve, Allover Print",4.60,11,"? 1,199.00",100% Polyester,Print,Regular Fit,Half Sleeve,Club Collar,Standard Length
London Hills Oversized t shirts for men loose fit t shirt drop shoulder tshirt Printed Cotton Blend half sleeve tshirt,3.20,16,? 253.00,"52% Cotton, 48% Polyester",Graphic,Oversized Fit,Half Sleeve,Collarless,Standard Length
Allen Solly Men's Regular Fit T-Shirt,4.10,570,? 519.00,100% Cotton,Printed,Regular Fit,Short Sleeve,Cutaway,Standard Length
Amazon Brand - Symbol Men's Cotton Solid V-Neck Regular Fit T-Shirt (Available in Plus Size),3.90,3697,? 349.00,100% Cotton,Solid,Regular Fit,Half Sleeve,Collarless,Standard Length
Veirdo® Oversized Baggy Fit Comfortable Pure Cotton Round Neck Drop Shoulder T-Shirt with Graphic Print Collection Tee for Men & Boys,4.00,1806,? 381.00,Cotton,Graphic,Oversized Fit,Half Sleeve,Collarless,Standard Length
Allen Solly Men's Regular Fit T-Shirt,4.10,271,? 529.00,100% Cotton,Print,Regular Fit,Half Sleeve,Band Collar,Standard Length
LEOTUDE Regular Fit Half Sleeve Men's Polo T-Shirt Combo (Pack of 2),3.60,1586,? 284.00,Cotton Blend,Striped,Regular Fit,Half Sleeve,Classic Collar,Standard Length
Allen Solly Men's Fitted T-Shirt,3.70,12,? 689.00,"95% Cotton, 5% Spandex",Printed,Fitted,Half Sleeve,Collarless,Standard Length
LEOTUDE Men's Regular Fit Cotton Blend Full Sleeve T-Shirt,3.60,1577,? 284.00,Cotton Blend,Printed,Regular Fit,Long Sleeve,Classic Collar,Standard Length
"Van Heusen Men Athleisure Polo Regular Fit T-Shirt - 100% Combed Cotton - Chest Pocket, Short Sleeve, Soft Handfeel",4.00,135,? 881.00,100% Cotton,Textured,Regular Fit,Half Sleeve,Polo Collar,Standard Length
ADRO Men's T-Shirt,3.70,129,? 649.00,100% Cotton,Printed,Regular Fit,Half Sleeve,Spread Collar,Standard Length
BULLMER Mens Trendy Colourblocked Half Sleeve Polo Tshirt,3.80,28,? 314.00,Cottonblend,Color Block,Regular Fit,Half Sleeve,Turtle Neck,Standard Length
"LEOTUDE Half Sleeve Oversized Tshirt for Men, Round Neck Cottonblend Drop Shoulder Solid T-Shirt (Color Multicolor)",3.70,150,? 249.00,Cottonblend,Solid,Oversized Fit,Half Sleeve,Collarless,Standard Length
U.S. POLO ASSN. Men's Slim Fit T-Shirt,4.60,3,? 561.00,100% Cotton,Solid,Slim Fit,Half Sleeve,Collarless,Standard Length
"Van Heusen Men Athleisure Crew Neck Regular Fit T-Shirt - Short Sleeve, Printed",4.20,1066,? 799.00,Cotton Rich,Print,Regular Fit,Half Sleeve,Collarless,Standard Length
LEOTUDE Half Sleeve Oversized Cottonblend Round Neck Drop Shoulder Printed T-Shirt for Men's (Color Orange),4,86,? 298.00,Cottonblend,Printed,Oversized Fit,Half Sleeve,Collarless,Standard Length
AMERICAN CREW Polo Collar Cotton Poly Striped T-Shirt for Men,3.90,19476,? 599.00,"60% Cotton, 40% Polyester",Solid,Regular Fit,Half Sleeve,Button Down,Standard Length
Veirdo® Cotton Red & White Regular Fit Half Sleeve Crew-Neck Printed T-Shirt for Men,4.00,3,? 299.00,Cotton Lycra,Printed,Regular Fit,Half Sleeve,Round collar,Standard Length
U.S. POLO ASSN. Men's Slim Fit T-Shirts & Polos,4.10,182,? 547.00,Cotton,Printed,Slim Fit,Half Sleeve,Collarless,Standard Length
"LEOTUDE Men Half Sleeve Oversized Tshirt, Round Neck Longline Drop Shoulder | Colorful Dragon Printed Regular Fit T-Shirt",3.70,333,? 261.00,Cottonblend,Printed,Oversized Fit,Half Sleeve,Collarless,Standard Length
Amazon Brand - Symbol Men's Regular Fit T-Shirt,3.90,326,? 199.00,100% Cotton,Printed,Regular Fit,Half Sleeve,Round neck,Standard Length
LEOTUDE Men Oversized Cottonblend Half Sleeve Printed Regular Fit T-Shirts,3.90,1092,? 261.00,Cotton Blend,Back Printed,Oversized Fit,Half Sleeve,Round Collar,Standard Length
Amazon Brand - Symbol Men's Regular Fit T-Shirt,3.80,220,? 349.00,100% Cotton,Printed,Regular Fit,Half Sleeve,Round neck,Standard Length
"Van Heusen Men Athleisure Polo Regular Fit T-Shirt - Cotton Rich - Ultra Soft, Short Sleeve, Heathered",4.10,65,"? 1,019.00",Cotton Rich,Striped,Regular Fit,Half Sleeve,Polo Collar,Standard Length
Van Heusen Men's Regular Fit T-Shirt,4.10,147,? 497.00,"80% Cotton, 20% Polyester, Single Jersey",Solid,Regular Fit,Short Sleeve,Collarless,Standard Length
Allen Solly Men's T-Shirt,4.00,563,? 539.00,Solid,Solid,Regular Fit,Half Sleeve,Band Collar,Standard Length
"Veirdo® Regular Fit Half Sleeves Round Neck Solid Pure Cotton T-Shirt Combo for Men (Pack of 2, Available in S,M,L,XL & 2XL)",3.90,34,? 399.00,Cotton,Solid,Regular Fit,Half Sleeve,Collarless,Standard Length
Allen Solly Men's Regular Fit Polo,4.10,5437,? 699.00,Cotton,Solid,Regular Fit,Half Sleeve,Classic,Standard Length
Allen Solly Men's Regular Fit Polo T-Shirt,4.10,218,? 679.00,"60% Cotton, 40% Polyester",Solid,Regular Fit,Half Sleeve,Polo Collar,Standard Length
LEOTUDE Men's Regular Fit Half Sleeve Polo T-Shirt,3.60,355,? 261.00,Matty,Matty,Regular Fit,Half Sleeve,Polo Collar,Standard Length
LEOTUDE Regular Fit Half Sleeve Round Neck Dri-Fit Tshirt for Men's Combo (Pack of 3),3.90,369,? 471.00,Dri-Fit,Printed,Regular Fit,Half Sleeve,Collarless,Standard Length
U.S. POLO ASSN. Men's Slim Fit T-Shirt,3.40,6,? 362.00,100% Cotton,Solid,Slim Fit,Half Sleeve,Collarless,Standard Length
"LEOTUDE Half Sleeve Oversized Tshirt for Men, Round Neck Cottonblend Drop Shoulder Printed T-Shirt (Black Color)",3.80,100,? 261.00,Cottonblend,Printed,Oversized Fit,Half Sleeve,Collarless,Standard Length
Amazon Brand - Symbol Men's T-Shirt,3.90,829,? 404.00,100% Cotton,Color block,Regular Fit,Long Sleeve,Collarless,Standard Length
"LEOTUDE Men's Short Sleeve with Round Neck, Oversized Longline Drop Shoulder, Very Trendy Printed, Boho Style T-Shirt | Maroon Color",3.70,508,? 261.00,Cottonblend,Printed,Oversized Fit,Half Sleeve,Collarless,Standard Length
LEOTUDE Men's Cottonblend Regular Fit Half Sleeve T-Shirt (Color Black),3.50,242,? 298.00,Matty,Color block,Regular Fit,Half Sleeve,Classic Collar,Standard Length
U.S. POLO ASSN. Men's Modern Fit T-Shirt,4.10,7,? 529.00,100% Cotton,Solid,Slim Fit,Half Sleeve,Collarless,Standard Length
London Hills Men Regular Fit T-Shirt || Regular Fit T-Shirt || Plain T Shirt || Regular Fit T-Shirt (Rib),3.70,1304,? 309.00,Cotton,Solid,Slim Fit,Half Sleeve,Club Collar,Standard Length
AMERICAN CREW Men's Regular Fit Polos,4.10,8923,? 599.00,"60% Cotton, 40% Polyester",Color Block,Regular Fit,Half Sleeve,Classic Collar,Standard Length
LEOTUDE Half Sleeve Oversized Cottonblend Round Neck Drop Shoulder Printed T-Shirt for Men's (Color Blue),4,86,? 298.00,Cottonblend,Printed,Oversized Fit,Half Sleeve,Collarless,Standard Length
LEOTUDE Men's Cotton Blend Half Sleeve Dragon Printed Oversized Regular Fit T-Shirts,3.70,939,? 259.00,Cotton blend,Printed,Oversized Fit,Half Sleeve,Round Collar,Standard Length
LEOTUDE Men's Half Sleeve Regular Fit Matty Colorblock Polo T-Shirt (Color Maroon),3.60,412,? 261.00,Spun Matty,Printed,Regular Fit,Half Sleeve,Classic Collar,Standard Length
U.S. POLO ASSN. Men's Regular Fit T-Shirt,4.20,267,"? 1,099.00",100% Cotton,Solid,Regular Fit,Half Sleeve,Polo Collar,Standard Length
"ADRO Men's Royal Bike Design Printed 100% Cotton T-Shirt - Regular Fit, Printed T-shirts for men",3.70,25,? 699.00,100% Cotton,Printed,Regular Fit,Half Sleeve,Spread Collar,Standard Length
LEOTUDE Regular Fit Cotton-Blend Half Sleeve Men's T-Shirt Combo (Pack of 2),3.60,1120,? 459.00,Matty,Color block,Regular Fit,Half Sleeve,Classic Collar,Standard Length
"Van Heusen Men Athleisure Ultra Soft Regular Fit T-Shirt - Crew Neck, Short Sleeve",4.10,3027,? 749.00,Cotton,Print,Regular Fit,Half Sleeve,Round Collar,Standard Length
U.S. POLO ASSN. Men's Slim Fit T-Shirt,3.30,5,? 439.00,100% Cotton,Solid,Slim Fit,Half Sleeve,Collarless,Standard Length
BULLMER Red Front and Back Printed/Colourblock Baggy/Oversized Tshirt for Men,3.20,15,? 269.00,Cottonblend,Printed,Regular Fit,Half Sleeve,Round Collar,Standard Length
Allen Solly Men's Solid Regular Fit T-Shirt,4.00,734,? 489.00,100% Cotton,Printed,Regular Fit,Half Sleeve,"Cutaway, Band Collar",Standard Length
London Hills Men Oversized Loose Fit Cotton blend Half Sleeve Round Neck Printed Black Tshirt for Men,3.30,43,? 240.00,Cotton Blend,Animal Print,Oversized Fit,Half Sleeve,Collarless,Standard Length
LEOTUDE Cottonblend Oversized Half Sleeve Colorful Printed Combo T-Shirts for Mens (Pack of 2),4,86,? 498.00,Cotton blend,Printed,Oversized Fit,Half Sleeve,Round Collar,Standard Length
Allen Solly Men's Regular Fit T-Shirt,4.10,570,? 519.00,100% Cotton,Striped,Regular Fit,Half Sleeve,Band Collar,Standard Length
LEOTUDE Men's Cottoblend Half Sleeve Printed Oversized Drop Shoulder T-shirt (Black Color),3.60,2152,? 261.00,Cotton blend,Solid,Oversized Fit,Half Sleeve,Classic Collar,Standard Length
U.S. POLO ASSN. Men's Slim Fit T-Shirts & Polos,3.50,228,? 619.00,Cotton,Printed,Slim Fit,Long Sleeve,Collarless,Standard Length
LEOTUDE Men's Regular Fit Half Sleeve Matty Polo T-Shirt | Plus Size Also Available (Color Multicolor),3.60,2504,? 261.00,Matty,Solid,Regular Fit,Half Sleeve,Round Collar,Standard Length
LEOTUDE Women's Cottonblend Half Sleeve Boyfriend/Loose Fit Regular Fit T-Shirts,3.20,1175,? 259.00,Cottonblend,Printed,Regular Fit,Half Sleeve,Classic Collar,Standard Length
U.S. Polo Assn. Men Crew Neck Colour Block I681 Lounge Regular Fit T-Shirt - Pack of 1,3.90,2077,? 764.00,Cotton,Solid,Regular Fit,Short Sleeve,Collarless,Standard Length
ADRO Men's T-Shirt,4.10,365,? 449.00,Cotton,Printed,Regular Fit,Half Sleeve,Round Collar,Standard Length
"LEOTUDE Half Sleeve Oversized Tshirt for Men, Round Neck Cottonblend Drop Shoulder Printed T-Shirt (Mustard Color)",3.50,47,? 298.00,Cottonblend,Printed,Oversized Fit,Half Sleeve,Collarless,Standard Length
U.S. POLO ASSN. Men Comfort Fit Brand Print I683 Regular Fit T-Shirt - Pack of 1,4.00,2280,? 699.00,Cotton,Solid,Regular Fit,Short Sleeve,Collarless,Standard Length
U.S. POLO ASSN. Men's T-Shirt,3.90,5888,? 630.00,100% Cotton,Solid,Regular Fit,Half Sleeve,Polo Collar,Standard Length
"Veirdo® Pure Cotton Oversized Loose Baggy Fit Cow & Zebra Animal Print White, Black & Lilac Round Neck T-Shirt with All Over Print for Men & Boys",3.80,2105,? 339.00,100% Cotton,Animal Print,Loose Fit,Half Sleeve,Round Collar,Standard Length
Van Heusen Men's Solid T Shirt,4.10,2052,? 379.00,100% Cotton,Solid,Regular Fit,Half Sleeve,Collarless,Standard Length
Van Heusen Men's Regular Fit Polo T-Shirt,4.10,3994,? 999.00,"80% Cotton, 20% Polyester",Solid,Regular Fit,Half Sleeve,Polo Collar,Standard Length
"Van Heusen Men Athleisure Colour Fresh Polo Regular Fit T-Shirt - 100% Combed Cotton - Moisture Wicking, Ultra Soft",4.00,2272,"? 1,074.00",100% Cotton,Textured,Regular Fit,Half Sleeve,Polo Collar,Standard Length
Veirdo® Oversized Baggy Fit Drop Shoulder Half Sleeves Round Neck Solid Pure 100% Cotton T-Shirt for Men ,4.00,452,? 329.00,Cotton,Solid,Oversized Fit,Half Sleeve,Collarless,Standard Length
LEOTUDE Men's Cottonblend Oversized Half Sleeve Round Neck Regular Fit T-shirt,3.80,346,? 261.00,Cottonblend,Printed,Oversized Fit,Half Sleeve,Collarless,Standard Length
"LEOTUDE Half Sleeve Oversized Tshirt for Men, Round Neck Longline Drop Shoulder | Colorful Printed T-Shirt (Grey Color)",3.60,541,? 261.00,Cottonblend,Animal Print,Oversized Fit,Half Sleeve,Collarless,Standard Length
U.S. POLO ASSN. Men's T-Shirt,3.90,365,? 849.00,100% Cotton,Solid,Regular Fit,Half Sleeve,Polo Collar,Standard Length
LEOTUDE Half Regular Fit Sleeve Men's Polo T-Shirt Combo (Pack of 3),3.60,377,? 749.00,Matty,Printed,Regular Fit,Half Sleeve,Classic Collar,Standard Length
Allen Solly Men's Regular Fit Polo,4.10,5535,? 719.00,"60% Cotton, 40% Polyester",Solid,Regular Fit,Half Sleeve,Polo Collar,Standard Length
U.S. POLO ASSN. Men Reflective Logo Polyester Spandex I715 Regular Fit T-Shirt - Pack of 1,4.30,131,? 818.00,Polyester,Solid,Regular Fit,Short Sleeve,Collarless,Standard Length
U.S. POLO ASSN. Men Crew Neck Embroidered Logo I633 Lounge Regular Fit T-Shirt (Pack of 1),3.80,9922,? 608.00,100% Cotton,Solid,Regular Fit,Half Sleeve,Club Collar,Standard Length
London Hills Men Printed Round Neck Full Sleeve Regular Fit T-Shirt,3.50,3420,? 282.00,Cotton,Solid,Regular Fit,Long Sleeve,Round Collar,Standard Length
Amazon Brand - Symbol Men's Cotton Rich Polo T Shirt | Collar Tshirts | Half Sleeves | Plain-Regular Fit,3.90,28191,? 379.00,"60% Cotton, 40% Polyester",Solid,Regular Fit,Short Sleeve,Classic Collar,Standard Length
U.S. POLO ASSN. Men Men's T-Shirts,3.90,3640,? 703.00,100% Cotton,Solid,Regular Fit,Half Sleeve,Polo Collar,Standard Length
LEOTUDE Regular Fit Half Sleeve Polo T-Shirt for Men,3.50,391,? 261.00,Matty,Colorblock,Regular Fit,Half Sleeve,Classic Collar,Standard Length
Van Heusen Men's Fitted T-Shirt,4.10,2406,? 479.00,"60% Cotton, 40% Polyester",Solid,Regular Fit,Half Sleeve,Flat Collar,Standard Length
London Hills Printed Men's Round Neck Black T-Shirt,3.80,1261,? 246.00,Cotton,Printed,Regular Fit,Long Sleeve,Round Collar,Standard Length
U.S. POLO ASSN. Men's Regular Fit T-Shirt,4.00,8858,? 375.00,Cotton,Solid,Regular Fit,Half Sleeve,Collarless,Standard Length
Van Heusen Men's Regular Fit T-Shirt,4.20,821,? 799.00,"80% Cotton, 20% Polyester",Graphic,Regular Fit,Half Sleeve,Collarless,Standard Length
Allen Solly Men's Regular Fit T-Shirt,4.00,5391,? 479.00,100% Cotton,Solid,Regular Fit,Half Sleeve,Classic,Standard Length
Van Heusen Men's Classic Fit T-Shirt,4.10,4279,? 569.00,"80% Cotton, 20% Polyester",Solid,Regular Fit,Half Sleeve,Collarless,Standard Length
London Hills Solid Men Round Neck Half Sleeve Tshirt | Cotton Blend Regular Fit T-Shirts - Pack Of 4,3.90,5853,? 661.00,Cotton,Striped,Regular Fit,Half Sleeve,Club Collar,Standard Length
LEOTUDE Men's Regular Fit Half Sleeve Round Neck Dri-Fit Tshirt (Color Black),4.00,64,? 471.00,Dri-Fit,Printed,Regular Fit,Half Sleeve,Collarless,Standard Length
London Hills Solid Men's Round Neck Cotton Blend Half Sleeve Regular Fit T-Shirts,3.70,4466,? 188.00,Cotton,Striped,Regular Fit,Half Sleeve,Club Collar,Standard Length
"LEOTUDE Men Half Sleeve Oversized Tshirt, Round Neck Longline Drop Shoulder | Colorful Printed Combo Regular Fit T-Shirt (Pack Of 3)",3.60,540,? 649.00,Cottonblend,Printed,Oversized Fit,Half Sleeve,Collarless,Standard Length
BULLMER Peach Trendy Front Printed oversized Round Neck T-shirt for men,3.50,747,? 268.00,Cottonblend,Printed,Regular Fit,Half Sleeve,Club Collar,Standard Length
"London Hills Men's Casual Printed Round Neck, Oversized Longline Drop Shoulder Boho Style T-Shirt",3.70,1046,? 254.00,Cotton Blend,Printed,Oversized Fit,Half Sleeve,Collarless,Standard Length
London Hills Men Regular Fit T-Shirt,3.40,959,? 415.00,Pure Cotton,Color Block,Regular Fit,Half Sleeve,Collarless,Standard Length
Amazon Brand - Symbol Men's Cotton Rich Polo T Shirt | Chinese Collar Tshirts | Half Sleeves | Plain - Regular Fit,4.00,10741,? 379.00,Solid,Color Block,Regular Fit,Short Sleeve,Band Collar,Standard Length
LEOTUDE Men's Half Sleeve Regular Fit Matty Colorblock Polo T-Shirt (Color Olive),3.70,956,? 261.00,Matty,Color Block,Regular Fit,Half Sleeve,Classic Collar,Standard Length
London Hills Men's Regular Fit Cotton Blend Half Sleeve Tshirt for men | Printed T-Shirt for Men,3.50,552,? 198.00,Cotton,Block print,Regular Fit,Half Sleeve,Club Collar,Standard Length
"LEOTUDE Men's Full Sleeve Regular Fit Tshirt, Round Neck Cottonblend T-Shirt (Color Multicolor)",3.50,5925,? 259.00,Cotton Blend,Striped,Regular Fit,Long Sleeve,Classic Collar,Standard Length
Allen Solly Men's Regular Fit Polo,4.10,70386,? 699.00,"60% Cotton, 40% Polyester",Solid,Regular Fit,Half Sleeve,Band Collar,Standard Length
BULLMER Black Trendy Front and Back Printed oversized Round Neck T-shirt for men,3.50,1209,? 268.00,Cottonblend,Printed,Regular Fit,Half Sleeve,Band Collar,Standard Length
LEOTUDE Regular Fit Half Sleeve Round Neck Dri-Fit Tshirt for Men's (Color Red),4.10,132,? 189.00,Dri-Fit,Printed,Regular Fit,Half Sleeve,Collarless,Standard Length
LEOTUDE Men's Regular Fit Half Sleeve Matty Polo T-Shirt (Color Multicolor),3.60,926,? 261.00,Cottonblend,Colorblock,Regular Fit,Half Sleeve,Round Collar,Standard Length
